{"cameraMode":{"drawMode":0,"name":"Shaded","section":"Shading Mode"},"sceneLighting":true,"audioPlay":false,"sceneViewState":{"m_AlwaysRefresh":false,"showFog":true,"showSkybox":true,"showFlares":true,"showImageEffects":true,"showParticleSystems":true,"showVisualEffectGraphs":true,"m_FxEnabled":true},"in2DMode":false,"pivot":{"x":0.7343621253967285,"y":-1.0028176307678223,"z":-0.41245484352111819},"rotation":{"x":0.22724080085754395,"y":0.7328527569770813,"z":-0.2915307283401489,"w":0.5712428689002991},"size":5.339690208435059,"orthographic":false}